City_ID,City,Lat,Lng,Max Temp,Humidity,Cloudiness,Wind Speed,Country,Date
0,edinburgh of the seven seas,-37.0676,-12.3116,11.58,85,100,11.42,SH,1691543116
1,soio,-6.1349,12.3689,21.24,91,8,2.61,AO,1691542987
2,ancud,-41.8697,-73.8203,10.75,96,100,11.71,CL,1691542821
3,oranjemund,-28.55,16.4333,11.93,93,4,4.51,NA,1691543117
4,petropavlovsk-kamchatsky,53.0452,158.6483,19.33,56,75,3.0,RU,1691542818
5,ushuaia,-54.8,-68.3,1.81,80,0,1.03,AR,1691542895
6,tura,25.5198,90.2201,23.64,97,100,2.15,IN,1691542946
7,poronaysk,49.2167,143.1167,17.31,78,100,1.67,RU,1691543117
8,urangan,-25.3,152.9,20.19,56,6,6.7,AU,1691542987
9,santa cruz,-17.8,-63.1667,20.7,56,0,2.06,BO,1691543117
10,georgetown,5.4112,100.3354,28.3,87,20,1.54,MY,1691542976
11,kerikeri,-35.2268,173.9474,15.51,72,77,0.89,NZ,1691542859
12,grytviken,-54.2811,-36.5092,-2.83,82,23,4.34,GS,1691543118
13,west island,-12.1568,96.8225,24.99,83,40,5.66,CC,1691543118
14,lala,7.9745,123.7458,29.71,69,87,2.29,PH,1691543118
15,adamstown,-25.066,-130.1015,22.33,86,100,15.14,PN,1691543119
16,longyearbyen,78.2186,15.6401,7.91,81,0,2.57,SJ,1691543119
17,waitangi,-43.9535,-176.5597,8.79,88,100,0.89,NZ,1691543119
18,akureyri,65.6835,-18.0878,8.96,53,0,3.6,IS,1691542920
19,nemuro,43.3236,145.575,18.91,100,100,6.53,JP,1691543120
20,port-aux-francais,-49.35,70.2167,1.57,71,60,7.92,TF,1691543120
21,invercargill,-46.4,168.35,7.79,68,84,4.02,NZ,1691542902
22,yellowknife,62.456,-114.3525,22.29,40,20,6.17,CA,1691542826
23,aasiaat,68.7098,-52.8699,2.41,74,100,1.12,GL,1691542999
24,tanauan,14.0863,121.1498,29.7,72,95,3.89,PH,1691543121
25,rikaze,29.25,88.8833,15.49,57,59,1.49,CN,1691543122
26,yulinshi,38.2906,109.7494,26.6,42,82,5.05,CN,1691543122
27,isafjordur,66.0755,-23.124,10.03,62,13,1.67,IS,1691543122
28,st. john's,47.5649,-52.7093,13.71,89,100,3.6,CA,1691543068
29,susuman,62.7833,148.1667,11.55,46,100,0.73,RU,1691542858
30,luwuk,-0.9516,122.7875,27.62,73,42,2.89,ID,1691543122
31,bilibino,68.0546,166.4372,5.86,74,100,4.28,RU,1691542837
32,bethel,41.3712,-73.414,22.49,74,75,4.12,US,1691543123
33,fendou,46.65,124.8667,20.64,72,19,3.36,CN,1691543123
34,petukhovo,55.0692,67.9019,18.47,62,82,2.88,RU,1691543123
35,tomatlan,19.9333,-105.25,29.83,76,6,4.53,MX,1691543123
36,olonkinbyen,70.9221,-8.7187,4.62,93,100,9.58,SJ,1691543123
37,aydincik,36.1437,33.3202,26.18,68,0,1.16,TR,1691543123
38,mahina,-17.5065,-149.489,25.87,83,75,8.75,PF,1691543123
39,saipan,15.1355,145.701,30.39,100,75,2.06,MP,1691543124
40,blackmans bay,-43.0167,147.3167,10.41,66,100,3.57,AU,1691542919
41,codrington,-38.2667,141.9667,13.41,65,0,8.79,AU,1691543124
42,four corners,28.3329,-81.6474,33.36,71,12,1.34,US,1691543124
43,utrik,11.2278,169.8474,28.41,77,96,5.15,MH,1691543124
44,nova sintra,14.8667,-24.7167,22.75,73,6,6.41,CV,1691543124
45,tangalle,6.024,80.7911,25.09,89,100,3.93,LK,1691543014
46,bredasdorp,-34.5322,20.0403,8.59,90,0,2.06,ZA,1691542840
47,sur,22.5667,59.5289,30.04,60,2,3.87,OM,1691543124
48,wailua homesteads,22.0669,-159.378,35.24,76,75,9.26,US,1691543125
49,paraty,-23.2178,-44.7131,20.48,98,100,2.12,BR,1691542929
50,thames,-37.1333,175.5333,13.43,62,76,4.67,NZ,1691543126
51,anna regina,7.2644,-58.5077,27.65,78,94,3.6,GY,1691543126
52,itoman,26.1247,127.6694,29.01,86,75,4.63,JP,1691542992
53,new norfolk,-42.7826,147.0587,11.07,55,100,1.87,AU,1691542921
54,chapada dos guimaraes,-15.4606,-55.7497,23.81,38,6,1.18,BR,1691543126
55,chonchi,-42.6128,-73.8092,9.56,99,100,2.08,CL,1691542906
56,piggotts,17.1167,-61.8,27.97,83,40,1.54,AG,1691543126
57,ola,59.5833,151.2833,17.86,52,67,2.03,RU,1691542957
58,al kharijah,25.4514,30.5464,32.02,28,0,6.11,EG,1691543127
59,kodiak,57.79,-152.4072,12.53,93,100,2.97,US,1691542860
60,tiksi,71.6872,128.8694,17.65,46,7,1.58,RU,1691542878
61,ribeira grande,38.5167,-28.7,24.32,94,100,8.49,PT,1691542881
62,hermanus,-34.4187,19.2345,11.56,85,0,5.91,ZA,1691543127
63,vorgashor,67.5833,63.95,8.81,70,100,3.58,RU,1691542935
64,lubango,-14.9172,13.4925,13.92,47,6,2.06,AO,1691543127
65,whitehorse,60.7161,-135.0538,16.43,72,75,2.06,CA,1691542870
66,lihue,21.9789,-159.3672,27.98,72,6,7.66,US,1691542855
67,al muwayh,22.4333,41.7583,26.26,17,11,2.02,SA,1691542936
68,fada,9.5667,8.3,19.51,99,85,1.04,NG,1691543128
69,kolonia,50.9333,6.95,16.14,88,100,3.6,DE,1691543128
70,iqaluit,63.7506,-68.5145,4.85,86,40,3.6,CA,1691543129
71,vila franca do campo,37.7167,-25.4333,23.23,89,93,4.27,PT,1691543129
72,kone,-21.0595,164.8658,23.01,43,14,4.95,NC,1691542901
73,chimoio,-19.1164,33.4833,10.92,81,0,1.72,MZ,1691543129
74,hawaiian paradise park,19.5933,-154.9731,27.73,79,20,4.12,US,1691543129
75,nouadhibou,20.931,-17.0347,21.99,83,20,7.72,MR,1691543129
76,barcelos,41.5388,-8.6151,22.18,91,26,1.4,PT,1691543129
77,antonina,-25.4286,-48.7119,17.89,98,100,0.83,BR,1691543129
78,punta arenas,-53.15,-70.9167,1.05,87,46,3.01,CL,1691542914
79,santana,-0.0583,-51.1817,27.1,100,40,4.12,BR,1691543044
80,ilulissat,69.2167,-51.1,8.01,66,75,0.0,GL,1691543130
81,vizianagaram,18.1167,83.4167,27.38,70,100,1.37,IN,1691543130
82,puerto ayora,-0.7393,-90.3518,24.19,88,79,2.68,EC,1691543130
83,arno,60.1167,18.6333,14.32,74,0,8.45,SE,1691543130
84,ghadamis,30.1337,9.5007,27.72,35,0,4.6,LY,1691542943
85,shenjiamen,29.9576,122.298,27.55,81,0,6.72,CN,1691543130
86,mugia,43.1041,-9.2179,18.84,87,0,4.7,ES,1691543130
87,vanimo,-2.6741,141.3028,29.14,67,49,2.35,PG,1691542878
88,mejit,10.2753,170.8646,28.4,72,100,6.16,MH,1691542917
89,papatowai,-46.5619,169.4708,5.4,73,100,6.82,NZ,1691543131
90,cabo san lucas,22.8909,-109.9124,35.34,66,20,6.17,MX,1691543105
91,albany,42.6001,-73.9662,20.65,82,100,0.45,US,1691543033
92,qaqortoq,60.7167,-46.0333,4.75,90,28,1.35,GL,1691543131
93,kanggye,40.9695,126.5852,28.95,61,0,1.35,KP,1691543131
94,jabat,7.75,168.9751,28.47,76,100,5.01,MH,1691543131
95,laascaanood,8.4774,47.3597,21.76,62,7,13.78,SO,1691543132
96,saulkrasti,57.2622,24.4147,11.62,88,50,4.57,LV,1691543132
97,bardai,11.65,7.2333,20.53,96,62,3.09,NG,1691543132
98,douz,33.4663,9.0203,26.02,48,0,3.89,TN,1691543132
99,vila do maio,15.1333,-23.2167,26.44,74,100,5.52,CV,1691543133
100,turkmenabat,39.0733,63.5786,22.99,53,0,2.06,TM,1691543133
101,haiku-pauwela,20.9219,-156.3051,30.84,55,20,11.83,US,1691543134
102,jatibonico,21.9419,-79.17,28.53,76,23,5.2,CU,1691543134
103,mournies,35.4764,24.0092,27.13,88,0,2.06,GR,1691543134
104,puerto natales,-51.7236,-72.4875,1.54,98,99,1.68,CL,1691542866
105,thompson,55.7435,-97.8558,13.09,76,100,5.66,CA,1691542934
106,tolanaro,-25.0319,46.9987,19.04,94,40,3.09,MG,1691543135
107,machico,32.7,-16.7667,23.35,83,20,2.06,PT,1691542930
108,tanumah,27.1,44.1333,28.86,13,0,3.19,SA,1691543135
109,stanley,54.868,-1.6985,10.71,80,0,4.12,GB,1691543135
110,enewetak,11.3474,162.3373,28.68,77,70,6.73,MH,1691543135
111,magadan,59.5667,150.8,17.52,53,48,1.79,RU,1691542989
112,pontremoli,44.3751,9.8789,19.96,44,100,0.61,IT,1691543135
113,margaret river,-33.95,115.0667,13.68,55,23,2.27,AU,1691543056
114,palmeiras de goias,-16.805,-49.9258,23.47,30,0,1.6,BR,1691543135
115,reyes,-14.3167,-67.3833,24.74,63,68,0.9,BO,1691543136
116,mar del plata,-38.0023,-57.5575,8.38,83,0,4.12,AR,1691543003
117,george town,5.4112,100.3354,28.3,87,20,1.54,MY,1691542976
118,hisar,29.1667,75.7167,30.04,62,100,6.04,IN,1691543136
119,naberezhnyye chelny,55.7561,52.4289,14.49,94,86,2.34,RU,1691543136
120,louis trichardt,-23.0439,29.9032,10.5,62,0,2.21,ZA,1691542857
121,talnakh,69.4865,88.3972,18.45,56,100,0.63,RU,1691543136
122,kismayo,-0.3582,42.5454,24.1,84,36,6.84,SO,1691543136
123,college,64.8569,-147.8028,18.66,86,100,1.54,US,1691542972
124,lompoc,34.6391,-120.4579,22.66,80,100,3.13,US,1691543136
125,mount pearl,47.5166,-52.7813,13.25,89,100,3.6,CA,1691543137
126,cidreira,-30.1811,-50.2056,16.29,72,100,9.39,BR,1691542933
127,playa blanca,28.8643,-13.8281,24.11,86,0,5.8,ES,1691543137
128,el abiodh sidi cheikh,32.893,0.5484,29.27,18,2,2.98,DZ,1691543137
129,holualoa,19.6228,-155.9522,28.91,75,20,6.17,US,1691543138
130,kudat,6.8837,116.8477,29.05,79,20,2.68,MY,1691543138
131,fray luis beltran,-39.3167,-65.7667,12.92,34,100,5.65,AR,1691543138
132,andovoranto,-18.95,49.1,18.63,89,17,1.93,MG,1691543139
133,debre sina,9.85,39.7667,12.97,80,100,2.25,ET,1691543139
134,nogliki,51.8333,143.1667,16.39,74,95,3.3,RU,1691543111
135,labrador city,52.9463,-66.9114,12.95,82,100,3.6,CA,1691543139
136,iskateley,67.6803,53.1512,10.91,71,28,1.56,RU,1691542934
137,ust-tsilma,65.441,52.1498,9.9,78,21,0.58,RU,1691543140
138,hithadhoo,-0.6,73.0833,27.32,76,57,2.72,MV,1691543140
139,batticaloa,7.7102,81.6924,26.98,75,100,2.47,LK,1691543140
140,kirakira,-10.4544,161.9205,26.25,85,100,3.58,SB,1691543140
141,port alfred,-33.5906,26.891,14.54,97,100,4.6,ZA,1691542872
142,marsh harbour,26.5412,-77.0636,30.0,72,6,2.93,BS,1691543140
143,manismata,-2.4667,111.0333,26.57,73,99,2.41,ID,1691543140
144,daru,-9.0763,143.2092,25.49,76,78,7.51,PG,1691543140
145,vettaikkaranpudur,10.5667,76.9333,23.55,89,55,3.07,IN,1691543141
146,callao,-12.0667,-77.15,21.16,73,20,5.66,PE,1691543141
147,babayevo,59.3936,35.9371,17.35,99,76,0.92,RU,1691543141
148,floro,61.5996,5.0328,11.09,93,100,7.72,NO,1691542997
149,liman,48.9884,37.8023,19.14,61,43,2.17,UA,1691543141
150,baturaja,-4.1333,104.1667,24.39,91,98,1.29,ID,1691543141
151,idri,27.5,13.2667,27.48,30,0,5.63,LY,1691543141
152,constantia,44.1833,28.65,14.38,72,0,3.74,RO,1691543141
153,nar'yan-mar,67.6713,53.087,11.02,71,28,1.59,RU,1691542930
154,valparaiso,-33.0393,-71.6273,15.0,67,100,2.06,CL,1691543142
155,cabras,39.93,8.5314,18.72,54,22,2.74,IT,1691543142
156,lumding railway colony,25.749,93.17,24.36,98,100,0.69,IN,1691543142
157,afaahiti,-17.75,-149.2833,24.93,84,100,8.19,PF,1691543142
158,fort st. john,56.2499,-120.8529,20.94,56,75,5.66,CA,1691543142
159,santa terezinha,-29.9002,-50.0904,15.86,74,100,8.15,BR,1691543142
160,los alamos,35.8881,-106.307,16.88,63,100,6.69,US,1691543143
161,barah,13.7,30.3667,24.05,78,41,6.26,SD,1691543143
162,selfoss,63.9331,-20.9971,10.02,80,12,2.51,IS,1691543143
163,carnarvon,-24.8667,113.6333,19.44,69,5,6.25,AU,1691542988
164,khandyga,62.6667,135.6,20.87,43,38,0.88,RU,1691543144
165,chilaw,7.5758,79.7953,27.01,87,100,5.95,LK,1691543144
166,margate,51.3813,1.3862,16.06,93,100,1.79,GB,1691543145
167,zhangjiakou,40.81,114.8794,23.71,73,0,0.79,CN,1691543145
168,ataq,14.5377,46.8319,25.58,52,78,4.68,YE,1691543145
169,iguape,-24.7081,-47.5553,18.4,85,100,5.99,BR,1691543106
170,limon,10.0,-83.0333,23.94,94,100,3.09,CR,1691543146
171,mariehamn,60.0973,19.9348,14.92,82,0,8.75,AX,1691543146
172,laguna,38.421,-121.4238,34.62,43,0,6.17,US,1691542880
173,fortuna,40.5982,-124.1573,18.51,77,20,5.66,US,1691542928
174,galliano,29.4422,-90.2992,32.0,66,40,3.09,US,1691542921
175,sola,-13.8833,167.55,24.37,88,100,4.12,VU,1691543147
176,wodonga,-36.1167,146.8833,12.84,100,100,1.88,AU,1691543147
177,tongchuanshi,35.0806,109.0897,24.85,69,100,3.43,CN,1691543147
178,macau,22.2006,113.5461,32.14,74,20,2.06,MO,1691543147
179,okhotsk,59.3833,143.3,17.64,47,0,0.81,RU,1691542870
180,soure,-0.7167,-48.5233,25.96,87,67,5.49,BR,1691543147
181,saldanha,-33.0117,17.9442,9.03,83,0,4.81,ZA,1691543147
182,sitka,57.0531,-135.33,14.94,82,100,2.57,US,1691543148
183,tanjungtiram,4.0613,98.3699,24.12,95,100,2.12,ID,1691543148
184,oumache,34.6929,5.6809,33.16,25,0,1.03,DZ,1691543148
185,vadso,70.0744,29.7487,19.49,77,0,1.54,NO,1691543149
186,fortaleza,-3.7227,-38.5247,27.34,78,40,6.69,BR,1691543121
187,mumford,5.2618,-0.759,23.76,91,99,6.51,GH,1691543149
188,l'govskiy,51.6307,35.2775,14.86,72,84,0.98,RU,1691543150
189,roma,43.2128,-75.4557,19.42,98,100,6.17,US,1691543150
190,luanda,-8.8368,13.2343,20.0,88,75,2.57,AO,1691543150
191,gadzhiyevo,69.2551,33.3362,15.58,79,0,4.84,RU,1691542939
192,canon city,38.441,-105.2424,31.6,27,100,3.58,US,1691543150
193,kavieng,-2.5744,150.7967,28.15,77,83,5.3,PG,1691543150
194,andalgala,-27.5819,-66.3165,14.72,38,100,0.79,AR,1691542851
195,lysychans'k,48.9049,38.4421,20.01,58,53,2.76,UA,1691543151
196,port macquarie,-31.4333,152.9167,18.83,55,0,2.04,AU,1691543094
197,sosnytsya,51.5239,32.4999,14.18,97,100,1.7,UA,1691543151
198,napili-honokowai,20.9708,-156.6705,31.47,81,53,11.91,US,1691543151
199,bac lieu,9.285,105.7244,28.64,75,6,5.42,VN,1691543151
200,muroto-misakicho,33.2833,134.15,28.19,88,14,10.78,JP,1691543151
201,santa ana,33.7456,-117.8678,31.81,62,75,4.63,US,1691543126
202,hasaki,35.7333,140.8333,30.22,91,100,6.11,JP,1691542877
203,kavaratti,10.5669,72.642,27.95,74,100,8.04,IN,1691543152
204,argo,37.6333,22.7333,26.55,66,57,2.3,GR,1691543152
205,arraial do cabo,-22.9661,-42.0278,20.84,86,100,8.61,BR,1691543152
206,hamilton,39.1834,-84.5333,25.43,69,40,5.14,US,1691543128
207,kayangel,8.0823,134.7173,27.6,76,100,6.36,PW,1691543153
208,mountain home,43.133,-115.6912,27.71,30,0,7.2,US,1691543153
209,uturoa,-16.7333,-151.4333,25.46,82,100,5.64,PF,1691543153
210,bathsheba,13.2167,-59.5167,28.34,89,75,5.14,BB,1691543153
211,dao,11.3937,122.6856,30.01,72,93,1.46,PH,1691543153
212,rabo de peixe,37.8,-25.5833,22.73,83,40,5.66,PT,1691543153
213,kovernino,57.1253,43.8142,15.07,83,0,3.26,RU,1691543154
214,port moresby,-9.4431,147.1797,26.68,62,100,6.92,PG,1691543154
215,waingapu,-9.6567,120.2641,26.8,62,77,7.02,ID,1691543154
216,mukalla,14.5425,49.1242,27.59,82,75,1.06,YE,1691543154
217,sellersburg,38.3981,-85.755,25.99,73,96,3.12,US,1691543155
218,pampas,-12.4,-74.9,10.77,80,91,1.87,PE,1691543155
219,nikolayevsk-on-amure,53.1406,140.73,21.11,59,99,2.24,RU,1691543155
220,tsetserleg,47.475,101.4542,18.35,58,100,1.71,MN,1691543155
221,avarua,-21.2078,-159.775,24.03,64,40,5.14,CK,1691543156
222,suva,-18.1416,178.4415,26.71,74,40,3.6,FJ,1691542884
223,kalianget,-7.05,113.9333,26.83,67,36,7.27,ID,1691543156
224,tazacorte,28.629,-17.9293,22.54,88,0,2.06,ES,1691543156
225,kruisfontein,-34.0033,24.7314,12.71,88,99,1.54,ZA,1691542937
226,pokaran,26.9167,71.9167,27.44,72,100,7.28,IN,1691543156
227,grand-lahou,5.1367,-5.0242,23.42,93,100,5.59,CI,1691543156
228,antsohihy,-14.8796,47.9875,18.9,90,2,1.72,MG,1691543156
229,la ronge,55.1001,-105.2842,17.14,59,75,3.09,CA,1691542989
230,kenai,60.5544,-151.2583,19.05,68,75,3.6,US,1691542975
231,caazapa,-26.15,-56.4,18.33,98,96,1.45,PY,1691543157
232,namibe,-15.1961,12.1522,17.27,88,4,2.72,AO,1691543157
233,ad dabbah,18.05,30.95,34.76,35,6,4.79,SD,1691543157
234,luderitz,-26.6481,15.1594,16.2,61,0,6.47,NA,1691543157
235,nizhneudinsk,54.9076,99.0276,19.07,79,84,0.58,RU,1691543157
236,colonia,50.9333,6.95,16.14,88,100,3.6,DE,1691543128
237,canto do buriti,-8.11,-42.9444,25.14,41,1,2.13,BR,1691543158
238,weno,7.4515,151.8468,30.97,79,100,1.54,FM,1691543158
239,oak hill,37.9723,-81.1487,21.0,75,3,1.31,US,1691543158
240,grudziadz,53.4841,18.7537,14.9,86,100,4.33,PL,1691543151
241,trevelin,-43.0858,-71.4639,7.71,96,99,2.35,AR,1691542949
242,guerrero negro,27.9769,-114.0611,26.15,69,22,7.65,MX,1691543160
243,flin flon,54.7682,-101.865,13.72,66,97,3.55,CA,1691542973
244,port mathurin,-19.6833,63.4167,22.5,57,84,7.32,MU,1691543160
245,san patricio,28.017,-97.5169,32.31,66,0,7.26,US,1691543160
246,dudinka,69.4058,86.1778,18.68,57,94,0.74,RU,1691543161
247,happy valley-goose bay,53.3168,-60.3315,17.17,72,75,1.54,CA,1691543161
248,lupane,-18.9315,27.807,9.15,50,0,3.14,ZW,1691543161
249,meadow lake,34.8014,-106.5436,24.61,45,99,7.95,US,1691542873
250,xining,36.6167,101.7667,21.02,65,93,1.18,CN,1691543161
251,olonets,60.9847,32.9698,16.57,90,97,1.66,RU,1691543161
252,vilyuchinsk,52.9306,158.4028,20.15,55,66,1.5,RU,1691543162
253,winchester,51.0651,-1.3187,16.9,94,100,1.03,GB,1691543162
254,oodweyne,9.4092,45.064,22.8,50,95,8.45,SO,1691543162
255,xam nua,20.4197,104.0439,21.65,96,99,1.26,LA,1691543162
256,sao joao da barra,-21.6403,-41.0511,22.05,87,14,6.45,BR,1691543163
257,cockburn town,21.4612,-71.1419,28.76,86,1,7.79,TC,1691542880
258,guigang,23.0964,109.6092,28.24,83,100,2.77,CN,1691543163
259,innisfil,44.3001,-79.6496,20.77,63,100,1.54,CA,1691542867
260,rongelap,11.1635,166.8941,28.44,77,100,5.56,MH,1691543163
261,acarau,-2.8856,-40.12,25.78,81,100,7.34,BR,1691542938
262,ulladulla,-35.35,150.4667,18.28,46,0,2.8,AU,1691543163
263,polygyros,40.3744,23.4383,20.39,64,15,3.61,GR,1691543164
264,chui,-33.6971,-53.4616,11.87,73,100,3.94,UY,1691543164
265,buta,2.7858,24.73,20.84,99,93,0.47,CD,1691543164
266,rokytne,51.2796,27.214,10.6,90,7,2.38,UA,1691543164
267,huangpi,30.8845,114.3779,29.06,74,0,3.0,CN,1691543164
268,gariaband,20.635,82.0614,23.21,89,97,2.6,IN,1691543165
269,culiacan,24.7994,-107.3897,34.82,55,75,4.63,MX,1691543165
270,la'ie,21.6477,-157.9253,30.98,68,34,3.13,US,1691543165
271,kharhial,20.2833,82.7667,24.04,85,71,1.99,IN,1691543165
272,esfarayen,37.0765,57.5101,19.81,54,1,2.88,IR,1691543165
273,ginir,7.1333,40.7,14.31,77,47,3.94,ET,1691543166
274,yarovoye,52.9273,78.58,19.52,55,19,2.07,RU,1691543166
275,russkaya polyana,49.417,31.9201,14.37,94,90,2.26,UA,1691543166
276,znamenka,52.4167,41.4311,20.32,76,69,2.39,RU,1691543166
277,kingston,17.997,-76.7936,30.53,83,40,7.72,JM,1691543168
278,moussoro,13.6408,16.4901,28.23,63,100,3.14,TD,1691543168
279,vyaz'ma,55.2104,34.2951,13.07,79,86,2.24,RU,1691543169
280,bull savanna,17.8868,-77.5902,26.83,80,42,3.33,JM,1691543169
281,palikir - national government center,6.9248,158.1611,27.47,83,100,6.17,FM,1691543169
282,yuzhno-kurilsk,44.0306,145.8556,19.4,99,100,5.33,RU,1691543169
283,badger,64.8,-147.5333,18.62,85,100,1.54,US,1691543169
284,tyukhtet,56.5389,89.3011,16.47,78,36,1.27,RU,1691543170
285,trairi,-3.2778,-39.2689,25.67,83,100,5.7,BR,1691542947
286,chibougamau,49.9168,-74.3659,11.79,100,100,4.12,CA,1691543170
287,nuuk,64.1835,-51.7216,4.34,93,91,2.57,GL,1691543170
288,brisas de zicatela,15.8369,-97.0419,30.29,58,40,2.06,MX,1691543171
289,pekanbaru,0.5333,101.45,25.18,88,20,0.0,ID,1691542947
290,kununurra,-15.7667,128.7333,25.99,29,5,3.6,AU,1691542929
291,pyt-yakh,60.7499,72.8582,15.72,90,78,3.65,RU,1691543171
292,siping,43.1633,124.3686,22.51,80,28,3.52,CN,1691543172
293,minas de marcona,-15.2119,-75.1103,13.27,84,37,4.57,PE,1691543172
294,peterhead,57.5058,-1.7981,12.22,75,23,9.71,GB,1691543172
295,filey,54.21,-0.2892,12.1,83,100,1.34,GB,1691543173
296,karwar,14.8,74.1333,25.04,86,100,3.29,IN,1691543173
297,kannus,63.9,23.9,14.68,86,0,3.15,FI,1691543173
298,coquimbo,-29.9533,-71.3436,14.85,82,0,3.09,CL,1691542911
299,magdagachi,53.45,125.8,21.14,52,100,1.51,RU,1691543173
300,taoudenni,22.6783,-3.9836,37.68,11,0,6.22,ML,1691542911
301,baruun-urt,46.6806,113.2792,18.67,64,87,1.45,MN,1691543174
302,ternate,0.8,127.4,27.74,74,100,4.71,ID,1691543174
303,udachny,66.4167,112.4,20.25,52,6,6.18,RU,1691543174
304,berdigestyakh,62.0989,126.6992,20.93,42,12,4.27,RU,1691543174
305,yichang,30.7144,111.2847,30.47,67,17,0.34,CN,1691543078
306,xai-xai,-25.0519,33.6442,16.97,84,0,2.51,MZ,1691543174
307,villa gesell,-37.2639,-56.973,8.36,90,22,5.03,AR,1691543174
308,salmon arm,50.6998,-119.3024,28.57,55,96,1.06,CA,1691543002
309,geraldton,-28.7667,114.6,14.23,88,100,5.66,AU,1691542907
310,nova vicosa,-17.8919,-39.3719,22.25,87,0,1.7,BR,1691543013
311,somerset east,-32.7217,25.588,11.26,89,100,2.56,ZA,1691543175
312,mitsamiouli,-11.3847,43.2844,24.62,74,4,5.49,KM,1691543175
313,saurimo,-9.6608,20.3916,17.0,39,0,2.19,AO,1691543175
314,takoradi,4.8845,-1.7554,23.93,89,100,6.07,GH,1691543175
315,ulsteinvik,62.3432,5.8487,14.31,91,100,4.02,NO,1691542890
316,troitsko-pechorsk,62.7084,56.1964,10.95,81,51,2.25,RU,1691543175
317,keflavik,64.0049,-22.5624,11.24,93,0,4.63,IS,1691543175
318,yaren,-0.5472,166.916,27.91,75,100,3.3,NR,1691543176
319,tapa,59.2606,25.9586,10.0,95,0,2.36,EE,1691543176
320,fisterra,42.9049,-9.2629,18.75,94,4,5.3,ES,1691543176
321,prado,-17.3411,-39.2208,22.0,88,7,1.51,BR,1691543176
322,babanki,6.1167,10.25,17.57,98,100,0.76,CM,1691543176
323,springs,-26.25,28.4,11.35,56,72,2.65,ZA,1691542958
324,puerto baquerizo moreno,-0.9,-89.6,23.47,78,100,4.96,EC,1691543176
325,saudarkrokur,65.7461,-19.6394,7.31,74,12,3.33,IS,1691543177
326,sanger,36.708,-119.556,37.77,16,0,2.06,US,1691543177
327,pangai,-19.8,-174.35,27.06,89,75,2.57,TO,1691542965
328,usinsk,65.9939,57.5281,11.03,78,86,2.77,RU,1691542967
329,todos santos,23.45,-110.2167,30.25,77,4,4.2,MX,1691543177
330,harper,4.375,-7.7169,24.19,88,100,6.21,LR,1691542986
331,sezanne,48.7205,3.7234,17.88,80,100,2.55,FR,1691543178
332,kudahuvadhoo,2.6708,72.8944,27.2,75,96,2.48,MV,1691543178
333,balugaon,20.1667,85.1,26.1,77,94,1.74,IN,1691543179
334,bernareggio,45.6478,9.405,20.06,63,100,1.45,IT,1691543179
335,kapa'a,22.0752,-159.319,28.39,70,46,4.02,US,1691542916
336,thunder bay,48.4001,-89.3168,20.99,73,100,4.12,CA,1691543179
337,bulungu,-4.55,18.6,23.35,65,18,1.02,CD,1691543179
338,muisne,0.6,-80.0333,25.52,85,100,3.44,EC,1691543179
339,praia da vitoria,38.7333,-27.0667,25.14,78,40,8.03,PT,1691543180
340,zary,51.6421,15.1373,12.21,92,100,1.34,PL,1691543180
341,fort bragg,35.139,-79.006,29.34,63,0,3.09,US,1691543180
342,jackson,42.4165,-122.8345,35.05,23,0,4.63,US,1691542965
343,karratha,-20.7377,116.8463,24.38,32,0,4.1,AU,1691542941
344,el rama,12.1596,-84.2195,24.6,93,100,1.56,NI,1691543180
345,barclayville,4.6797,-8.2339,24.07,90,100,4.66,LR,1691543180
346,tongren,27.7172,109.1853,28.59,86,27,0.66,CN,1691543180
347,touros,-5.1989,-35.4608,24.51,82,100,4.98,BR,1691542967
348,fiambala,-27.6871,-67.6149,12.34,42,99,0.95,AR,1691543181
349,batouri,4.4333,14.3667,19.91,99,100,0.84,CM,1691543181
350,maha sarakham,16.3333,103.6667,27.17,77,99,4.33,TH,1691543181
351,bure,10.7,37.0667,12.23,97,24,0.81,ET,1691543181
352,kotlas,61.2611,46.6556,12.82,96,12,0.9,RU,1691543181
353,jijiga,9.35,42.8,17.39,69,55,8.73,ET,1691543181
354,manicore,-5.8092,-61.3003,27.56,58,9,1.02,BR,1691543182
355,shimanovsk,52.0,127.7,19.11,72,100,2.22,RU,1691543182
356,saint-philippe,-21.3585,55.7679,19.77,81,46,4.22,RE,1691543021
357,antsiranana,-12.2787,49.2917,21.42,83,4,5.14,MG,1691543182
358,puerto santa,-8.9906,-78.6456,19.98,82,91,4.86,PE,1691543182
359,bakhmach,51.1808,32.7569,14.42,96,100,2.2,UA,1691543183
360,karak city,31.1637,35.762,19.09,69,0,2.53,JO,1691543183
361,jamestown,42.097,-79.2353,20.57,80,0,4.63,US,1691542929
362,arawa,-6.2132,155.5367,26.69,88,100,2.24,PG,1691543183
363,westport,41.1415,-73.3579,23.38,71,0,7.2,US,1691543140
364,preobrazheniye,42.9019,133.9064,19.62,94,100,5.61,RU,1691543183
365,uthal,25.8072,66.6219,27.56,80,69,2.46,PK,1691543184
366,puerto colombia,10.9878,-74.9547,28.05,85,99,6.64,CO,1691543184
367,kupang,-10.1667,123.5833,28.32,54,20,6.69,ID,1691543184
368,zhuanghe,39.7008,122.9911,27.52,69,15,2.21,CN,1691543184
369,port elizabeth,-33.918,25.5701,14.16,94,40,1.54,ZA,1691543185
370,roghun,38.7826,69.8708,20.13,40,0,1.53,TJ,1691543185
371,sona,45.4388,10.8255,19.75,77,0,1.03,IT,1691543185
372,amos,48.5669,-78.1162,16.86,78,68,1.4,CA,1691543185
373,awjilah,29.1081,21.2869,24.76,68,0,6.23,LY,1691542999
374,ust-nera,64.5667,143.2,17.71,51,87,1.27,RU,1691543186
375,umm ruwaba,12.9061,31.2158,24.14,77,100,3.66,SD,1691543186
376,kon tum,14.35,108.0,25.09,83,99,1.35,VN,1691543186
377,volodymyr-volynskyi,50.8525,24.3236,10.97,87,95,3.24,UA,1691543187
378,park forest village,40.8067,-77.9169,23.04,66,0,6.69,US,1691543187
379,lebu,-37.6167,-73.65,11.47,70,100,3.67,CL,1691543187
380,amga,60.8953,131.9608,19.8,36,55,4.54,RU,1691543187
381,maragogi,-9.0122,-35.2225,23.54,82,45,3.39,BR,1691543187
382,san antonio de pale,-1.4014,5.6325,23.37,79,11,5.79,GQ,1691543187
383,ayr,55.4627,-4.6339,10.73,86,67,2.23,GB,1691543187
384,armacao de buzios,-22.7469,-41.8817,22.03,88,99,7.13,BR,1691543187
385,shingu,33.7333,135.9833,27.96,92,36,3.73,JP,1691543188
386,eyl,7.9803,49.8164,24.49,73,55,10.59,SO,1691543188
387,konstantinovka,49.6167,127.9833,18.87,89,96,2.59,RU,1691543188
388,asaita,11.5636,41.4394,30.28,50,69,6.67,ET,1691543188
389,tianpeng,30.9866,103.9393,28.45,77,7,1.45,CN,1691543119
390,timmins,48.4669,-81.3331,21.9,64,40,1.54,CA,1691543188
391,zaozersk,69.4005,32.4476,16.56,79,0,2.85,RU,1691543188
392,nuku'alofa,-21.1333,-175.2,24.19,94,75,3.6,TO,1691543188
393,egilsstadir,65.2653,-14.3948,6.95,81,100,4.12,IS,1691542974
394,tuy hoa,13.0833,109.3,30.92,58,59,6.03,VN,1691543189
395,castro,-24.7911,-50.0119,11.53,97,100,4.76,BR,1691543189
396,el eulma,36.1528,5.6902,23.34,40,0,0.35,DZ,1691543189
397,akrehamn,59.2667,5.1833,11.67,87,40,10.29,NO,1691543189
398,port sudan,19.6175,37.2164,34.19,32,2,2.88,SD,1691543189
399,katsuren-haebaru,26.3369,127.8719,29.01,89,75,7.2,JP,1691543189
400,mangrol,21.1167,70.1167,26.89,84,100,7.78,IN,1691543190
401,saint-pierre,-21.3393,55.4781,19.82,64,0,3.6,RE,1691543190
402,taltal,-25.4,-70.4833,17.37,68,7,2.28,CL,1691543190
403,garissa,-0.4536,39.6401,22.24,84,14,5.31,KE,1691543190
404,qionghu,28.843,112.3522,29.64,67,1,3.33,CN,1691543191
405,cabedelo,-6.9811,-34.8339,23.37,83,26,4.82,BR,1691543191
406,tetbury,51.6394,-2.1622,16.12,96,100,1.39,GB,1691543191
407,hadibu,12.65,54.0333,25.58,80,100,10.6,YE,1691543191
408,saynshand,44.8824,110.1163,23.57,41,9,5.27,MN,1691543192
409,tileagd,47.0667,22.2,11.97,69,14,1.67,RO,1691543192
410,kolonia town,6.964,158.206,28.06,83,100,6.17,FM,1691543192
411,ocean shores,46.9737,-124.1563,22.75,77,0,4.63,US,1691543193
412,remire-montjoly,4.9167,-52.2667,27.02,83,0,1.03,GF,1691543193
413,de soto,34.9248,-89.9904,26.02,74,40,2.06,US,1691543193
414,iskushuban,10.2837,50.23,25.87,59,100,11.35,SO,1691543193
415,grand falls-windsor,48.9332,-55.6649,11.95,87,100,1.44,CA,1691542929
416,boma,7.0805,-2.1697,22.0,98,100,2.25,GH,1691543193
417,belmonte,-15.8631,-38.8828,22.51,84,16,2.95,BR,1691543193
418,colonia menno,-22.3667,-59.8167,24.32,57,100,4.95,PY,1691543194
419,rio grande,-32.035,-52.0986,14.06,75,100,8.02,BR,1691543194
420,ad-damazin,11.7891,34.3592,22.61,86,100,3.59,SD,1691543194
421,taco pozo,-25.6167,-63.2833,13.78,64,0,2.43,AR,1691543194
422,klyuchi,52.2667,79.1667,20.06,48,65,1.37,RU,1691543194
423,francisco sa,-16.4758,-43.4883,26.08,38,0,7.01,BR,1691542934
424,sechura,-5.5569,-80.8222,22.84,75,100,6.77,PE,1691543195
425,sarina,-21.4333,149.2167,22.93,61,53,5.43,AU,1691543195
426,tambura,5.6,27.4667,19.39,97,100,1.59,SS,1691543195
427,tambopata,-12.7333,-69.1833,27.51,59,100,1.45,PE,1691543195
428,sanctuary point,-35.1114,150.629,20.55,52,0,3.28,AU,1691543195
429,al qutayfah,33.7385,36.6007,17.9,55,0,0.71,SY,1691543196
430,yurty,56.0498,97.6348,18.84,81,55,1.09,RU,1691543196
431,helena valley west central,46.6629,-112.0604,28.49,31,0,3.6,US,1691543196
432,bonthe,7.5264,-12.505,24.84,90,91,4.23,SL,1691542955
433,'alaqahdari dishu,30.4374,63.313,26.54,24,0,5.33,AF,1691543196
434,batie,9.8833,-2.9167,22.86,94,100,1.84,BF,1691543196
435,tazovsky,67.4667,78.7,8.84,92,100,6.78,RU,1691543196
436,smithers,54.7804,-127.1743,19.18,72,75,3.09,CA,1691542970
437,masterton,-40.9597,175.6575,10.75,56,24,0.95,NZ,1691543196
438,pacific grove,36.6177,-121.9166,21.33,80,60,2.68,US,1691542907
439,verkhnedneprovskiy,54.9813,33.3457,12.69,77,94,1.64,RU,1691543197
440,tippi,7.2,35.45,17.5,99,100,0.85,ET,1691543197
441,porto novo,6.4965,2.6036,24.11,90,85,3.24,BJ,1691543197
442,rodolfo sanchez taboada,31.7167,-116.5667,23.94,71,18,1.34,MX,1691543197
443,dryden,49.7833,-92.7503,19.16,68,0,2.57,CA,1691543197
444,khovd,48.0056,91.6419,20.43,50,61,0.97,MN,1691543197
445,manggar,-2.8833,108.2667,27.99,68,32,6.86,ID,1691543197
446,bonga,7.2833,36.2333,15.87,100,98,0.44,ET,1691543198
447,gizo,-8.103,156.8419,26.26,83,100,9.54,SB,1691543198
448,longquan,24.6719,102.1613,21.75,87,93,0.97,CN,1691543198
449,nova xavantina,-14.6667,-52.35,25.58,32,0,0.75,BR,1691543198
450,kapuskasing,49.4169,-82.4331,23.05,68,40,1.54,CA,1691543198
451,east london,-33.0153,27.9116,17.04,81,100,3.14,ZA,1691543199
452,alofi,-19.0595,-169.9187,27.94,83,75,3.08,NU,1691542934
453,meadow lakes,61.6247,-149.6011,19.65,77,100,0.0,US,1691543199
454,aral,40.5156,81.2636,27.36,31,0,2.35,CN,1691543118
455,qoryooley,1.7878,44.53,22.96,87,93,5.48,SO,1691543199
456,hwange,-18.3693,26.5019,15.83,28,0,2.42,ZW,1691543199
457,buka,40.8108,69.1986,23.35,37,0,3.05,UZ,1691543199
458,bodo,67.28,14.405,20.25,64,20,8.75,NO,1691543199
459,la passe,45.5549,-0.8967,15.55,63,0,3.02,FR,1691542915
460,puerto armuelles,8.2833,-82.8667,27.99,91,100,1.34,PA,1691543200
461,dem'yanovo,60.3511,47.0842,13.12,96,72,1.58,RU,1691543200
462,anadyr,64.75,177.4833,10.28,93,75,7.0,RU,1691543200
463,saint-joseph,-21.3667,55.6167,19.21,78,19,4.4,RE,1691542912
464,colares,38.7992,-9.4469,22.96,81,5,8.94,PT,1691543201
465,oroqen zizhiqi,50.5667,123.7167,14.36,99,100,1.6,CN,1691543201
466,atafu village,-8.5421,-172.5159,28.45,74,97,5.93,TK,1691542927
467,dien bien phu,21.3833,103.0167,23.13,100,100,0.6,VN,1691542970
468,tselinnoye,53.0833,85.6667,18.04,65,63,1.84,RU,1691543201
469,bredy,52.4153,60.3411,15.75,95,100,4.05,RU,1691543201
470,talakan,50.3167,130.3667,17.42,90,100,2.22,RU,1691543201
471,barreiro do jaiba,-15.6167,-43.6,25.75,34,53,2.2,BR,1691543140
472,zouerate,22.7187,-12.4521,29.14,33,5,6.82,MR,1691543202
473,port lincoln,-34.7333,135.8667,16.47,46,0,10.74,AU,1691542939
474,miramichi,47.0043,-65.4654,16.3,97,100,2.95,CA,1691543202
475,al ghayzah,16.2079,52.176,25.61,88,100,4.23,YE,1691543202
476,lakes,61.6071,-149.3086,19.64,75,75,3.09,US,1691543202
477,mandal,25.45,74.5667,23.67,85,24,4.04,IN,1691543202
478,prince rupert,54.3161,-130.3201,15.05,94,100,3.6,CA,1691542998
479,gyeongsan-si,35.8233,128.7378,27.86,74,100,3.09,KR,1691543202
480,knyaze-volkonskoye,48.4642,135.4567,24.19,83,97,1.0,RU,1691543203
481,mazagao,-0.115,-51.2894,27.03,95,89,2.51,BR,1691543203
482,dawei,14.0833,98.2,26.03,92,100,1.45,MM,1691543203
483,newman,37.3138,-121.0208,35.16,44,0,1.34,US,1691542909
484,as sulayyil,20.4607,45.5779,31.74,11,9,1.21,SA,1691543203
485,atar,20.5169,-13.0499,32.06,22,0,2.75,MR,1691543204
486,kodinsk,58.6881,99.1844,20.45,60,1,0.4,RU,1691543204
487,yashkino,55.8736,85.4265,15.71,78,100,1.23,RU,1691543204
488,kedzierzyn-kozle,50.3498,18.2261,16.2,76,100,2.7,PL,1691543204
489,coronda,-31.9726,-60.9198,14.45,62,100,2.57,AR,1691543204
490,bondo,3.8146,23.6866,19.6,97,86,0.73,CD,1691543204
491,ceeldheer,3.8488,47.1806,23.93,85,85,8.66,SO,1691543204
492,minab,27.1467,57.0801,32.74,64,4,0.63,IR,1691543205
493,gorontalo,0.5412,123.0595,29.55,64,66,3.92,ID,1691543205
494,markovo,57.3206,107.0881,23.0,60,56,1.14,RU,1691543205
495,naivasha,-0.7167,36.4359,12.47,88,47,1.01,KE,1691543205
496,hirara,24.8,125.2833,28.14,86,98,7.01,JP,1691543205
497,kargasok,59.0556,80.8572,15.37,74,69,3.08,RU,1691543205
498,chimore,-16.9833,-65.1333,25.26,57,83,0.74,BO,1691543205
499,pisco,-13.7,-76.2167,19.03,82,0,5.66,PE,1691543205
500,kulhudhuffushi,6.6221,73.07,27.68,78,100,6.61,MV,1691543206
501,usogorsk,63.4106,48.6872,12.1,80,6,1.39,RU,1691543206
502,mpanda,-6.3655,31.0409,17.86,51,3,0.96,TZ,1691543206
503,smara,26.7384,-11.6719,21.69,77,4,6.36,EH,1691543206
504,horta,38.5333,-28.6333,23.9,94,100,8.94,PT,1691543206
505,bikenibeu village,1.3673,173.1241,29.98,74,75,1.54,KI,1691542913
506,houghton,47.1219,-88.569,20.87,77,0,1.54,US,1691543206
507,hassi messaoud,31.6804,6.0729,32.13,23,0,3.5,DZ,1691543206
508,weinan,34.5036,109.5089,27.52,61,100,2.25,CN,1691543206
509,castillos,-34.1667,-53.8333,10.15,80,97,3.18,UY,1691543207
510,kuta,-8.7233,115.1723,25.97,83,40,5.36,ID,1691543207
511,price,39.5994,-110.8107,27.29,24,0,8.23,US,1691542922
512,hauterive,46.0901,3.4459,15.42,62,93,1.73,FR,1691542923
513,dhuusamarreeb,5.535,46.3861,22.57,76,52,8.74,SO,1691543207
514,sept-iles,50.2001,-66.3821,15.29,98,100,8.23,CA,1691542969
515,aginskoye,51.1,114.53,23.32,41,11,1.39,RU,1691543207
516,huron,41.1501,-82.5499,23.71,83,81,4.19,US,1691543208
517,brooks,50.5834,-111.8851,25.58,40,100,5.59,CA,1691543208
518,sumbawa besar,-8.5,117.4333,27.77,50,15,3.41,ID,1691543208
519,port blair,11.6667,92.75,28.04,83,83,7.85,IN,1691543209
520,formosa do rio preto,-11.0483,-45.1931,24.19,40,0,1.24,BR,1691543039
521,charters towers,-20.1,146.2667,22.89,34,77,6.35,AU,1691543209
522,alliance,40.9153,-81.1059,22.15,80,86,3.68,US,1691543209
523,arafat,21.3594,39.9664,32.53,13,3,1.34,SA,1691543209
524,toliara,-23.35,43.6667,19.17,79,2,3.15,MG,1691543209
525,borovskoy,53.8,64.15,16.44,89,100,6.64,KZ,1691543209
526,fuyang,32.9,115.8167,27.29,71,4,3.01,CN,1691543209
527,ouargla,31.9493,5.325,32.82,22,0,3.12,DZ,1691543210
528,lazaro cardenas,17.9583,-102.2,29.98,80,14,4.32,MX,1691543210
529,tezu,27.9167,96.1667,25.44,100,100,0.38,IN,1691543210
530,zaraza,9.3503,-65.3245,25.2,90,6,1.29,VE,1691543210
531,aljezur,37.3191,-8.8033,19.26,97,34,1.49,PT,1691543210
532,carutapera,-1.195,-46.02,25.56,82,94,3.64,BR,1691543164
533,ponta delgada,37.7333,-25.6667,23.4,83,40,5.66,PT,1691542996
534,yankton,42.8711,-97.3973,24.14,64,0,1.54,US,1691543007
535,nenjiang,49.1833,125.2167,17.75,97,100,2.18,CN,1691543211
536,ulubey,40.8721,37.7588,21.07,97,100,1.79,TR,1691543211
537,franklin,39.9667,-83.0166,24.18,74,75,3.6,US,1691543211
538,quincy,42.2529,-71.0023,23.86,83,9,1.34,US,1691543211
539,springbok,-29.6643,17.8865,11.26,51,0,3.53,ZA,1691543211
540,lorengau,-2.0226,147.2712,27.91,80,50,7.85,PG,1691543211
541,sorong,-0.8833,131.25,27.0,75,20,6.97,ID,1691543211
542,kailua-kona,19.6406,-155.9956,29.57,78,6,2.68,US,1691542952
543,zambezi,-13.5432,23.1047,13.21,48,3,1.98,ZM,1691543212
544,cestos city,5.46,-9.5828,24.99,88,100,6.06,LR,1691543212
545,china,25.7,-99.2333,34.27,41,0,11.88,MX,1691543212
546,barentu,15.1139,37.5928,20.46,89,100,3.19,ER,1691542914
547,albina,5.5,-54.05,23.84,96,97,1.96,SR,1691543212
548,bartlesville,36.7473,-95.9808,30.06,69,0,1.54,US,1691543212
549,el jadid,33.2549,-8.506,22.64,91,95,4.27,MA,1691543212
550,okha,53.5739,142.9478,15.86,83,78,6.26,RU,1691543213
551,touba,8.2833,-7.6833,21.1,98,81,3.25,CI,1691543214
552,viedma,-40.8135,-62.9967,11.41,41,75,8.53,AR,1691543214
553,vernon,50.2581,-119.2691,29.23,27,87,2.41,CA,1691543214
554,camana,-16.6228,-72.7111,17.8,81,25,3.27,PE,1691543214
555,qamdo,31.1667,97.2333,10.65,71,44,2.24,CN,1691543118
556,mariental,-24.6333,17.9667,14.12,30,60,4.14,NA,1691543215
557,san carlos de bariloche,-41.1456,-71.3082,6.8,95,100,2.0,AR,1691543215
558,lerwick,60.1545,-1.1494,10.0,79,100,14.01,GB,1691543215
559,ipatovo,45.7181,42.9036,27.23,37,11,3.52,RU,1691543215
560,saint croix,17.7397,-64.7388,28.25,79,0,4.12,VI,1691543215
561,cannonvale,-20.2833,148.7,19.66,71,98,8.32,AU,1691543215
562,kuraymah,18.55,31.85,34.76,35,8,4.2,SD,1691543215
563,amasra,41.7463,32.3863,21.98,84,45,4.3,TR,1691543215
564,klaksvik,62.2266,-6.589,8.51,85,91,14.84,FO,1691543216
565,yarmouth,41.7057,-70.2286,23.31,87,0,6.69,US,1691543216
566,crane,31.3974,-102.3501,37.59,22,15,7.16,US,1691543216
567,vung tau,10.346,107.0843,27.4,83,0,5.14,VN,1691543216
568,ilhabela,-23.7781,-45.3581,19.81,94,100,4.34,BR,1691543107
569,birjand,32.8663,59.2211,21.76,33,0,5.69,IR,1691543216
570,ouesso,1.6136,16.0517,21.78,98,99,0.93,CG,1691543216
571,malinyi,-8.9333,36.1333,18.19,67,37,0.9,TZ,1691543217
572,soe,-9.8607,124.284,22.16,55,78,3.91,ID,1691543217
573,edd,13.9297,41.6925,33.55,55,45,6.8,ER,1691543217
574,los andes,-32.8337,-70.5983,15.01,47,100,1.05,CL,1691542941
575,stephenville,32.2207,-98.2023,39.44,27,0,6.69,US,1691543217
576,el porvenir,13.7617,-87.3458,25.63,66,100,1.88,HN,1691543217
577,tarfaya,27.9358,-12.9218,20.88,93,0,7.02,MA,1691543218
